edge_id,u,v,hour,shade_frac,pollution_proxy,heat_factor,exposure
E01,101,102,9,0.2,0.1,0.8,0.7400000000000001
E02,102,103,9,0.3,0.4,0.8,0.96
E03,101,104,9,0.8,0.05,0.8,0.20999999999999996
E04,104,105,9,0.85,0.05,0.8,0.17000000000000004
E05,105,106,9,0.8,0.05,0.8,0.20999999999999996
E06,103,106,9,0.2,0.45,0.8,1.09
E01,101,102,11,0.2,0.1,0.8,0.7400000000000001
E02,102,103,11,0.3,0.4,0.8,0.96
E03,101,104,11,0.8,0.05,0.8,0.20999999999999996
E04,104,105,11,0.85,0.05,0.8,0.17000000000000004
E05,105,106,11,0.8,0.05,0.8,0.20999999999999996
E06,103,106,11,0.2,0.45,0.8,1.09
E01,101,102,13,0.2,0.1,0.8,0.7400000000000001
E02,102,103,13,0.3,0.4,0.8,0.96
E03,101,104,13,0.8,0.05,0.8,0.20999999999999996
E04,104,105,13,0.85,0.05,0.8,0.17000000000000004
E05,105,106,13,0.8,0.05,0.8,0.20999999999999996
E06,103,106,13,0.2,0.45,0.8,1.09
E01,101,102,15,0.2,0.1,0.8,0.7400000000000001
E02,102,103,15,0.3,0.4,0.8,0.96
E03,101,104,15,0.8,0.05,0.8,0.20999999999999996
E04,104,105,15,0.85,0.05,0.8,0.17000000000000004
E05,105,106,15,0.8,0.05,0.8,0.20999999999999996
E06,103,106,15,0.2,0.45,0.8,1.09
E01,101,102,17,0.2,0.1,0.8,0.7400000000000001
E02,102,103,17,0.3,0.4,0.8,0.96
E03,101,104,17,0.8,0.05,0.8,0.20999999999999996
E04,104,105,17,0.85,0.05,0.8,0.17000000000000004
E05,105,106,17,0.8,0.05,0.8,0.20999999999999996
E06,103,106,17,0.2,0.45,0.8,1.09
