interventions,cooling_stops,trees,green_corridors,total_cost,remaining_budget,heat_reduction,pollution_reduction,overall_impact,time_to_benefit,impact_score,cost_efficiency,cost_efficiency_score,speed_score,budget_score,rank,recommendation
trees x10,0,10,0,500000.0,0.0,3.5,1.0,2.5,50.0,1.0,5e-06,1.0,0.0,0.8,1,Recommended
trees x9,0,9,0,450000.0,50000.0,3.15,0.9,2.25,45.0,0.9,5e-06,1.0,0.09999999999999998,0.77,2,Alternative
trees x8,0,8,0,400000.0,100000.0,2.8,0.8,2.0,40.0,0.8,5e-06,1.0,0.19999999999999996,0.74,3,Alternative
cooling_stop x1 + trees x8,1,8,0,500000.0,0.0,3.05,0.8,2.15,40.0,0.86,4.2999999999999995e-06,0.8599999999999999,0.19999999999999996,0.728,4,Alternative
trees x7,0,7,0,350000.0,150000.0,2.4499999999999997,0.7000000000000001,1.75,35.0,0.7,5e-06,1.0,0.30000000000000004,0.71,5,Alternative
cooling_stop x1 + trees x7,1,7,0,450000.0,50000.0,2.6999999999999997,0.7000000000000001,1.9,35.0,0.76,4.222222222222222e-06,0.8444444444444443,0.30000000000000004,0.6933333333333334,6,Alternative
trees x6,0,6,0,300000.0,200000.0,2.0999999999999996,0.6000000000000001,1.5,30.0,0.6,5e-06,1.0,0.4,0.6799999999999999,7,Alternative
cooling_stop x1 + trees x6,1,6,0,400000.0,100000.0,2.3499999999999996,0.6000000000000001,1.65,30.0,0.6599999999999999,4.1249999999999995e-06,0.8249999999999998,0.4,0.6575,8,Alternative
cooling_stop x2 + trees x6,2,6,0,500000.0,0.0,2.5999999999999996,0.6000000000000001,1.8,30.0,0.72,3.6000000000000003e-06,0.72,0.4,0.6559999999999999,9,Alternative
trees x5,0,5,0,250000.0,250000.0,1.75,0.5,1.25,25.0,0.5,5e-06,1.0,0.5,0.65,10,Alternative
trees x4,0,4,0,200000.0,300000.0,1.4,0.4,1.0,20.0,0.4,5e-06,1.0,0.6,0.62,11,Alternative
cooling_stop x1 + trees x5,1,5,0,350000.0,150000.0,2.0,0.5,1.4,25.0,0.5599999999999999,4e-06,0.7999999999999999,0.5,0.6199999999999999,12,Alternative
cooling_stop x2 + trees x5,2,5,0,450000.0,50000.0,2.25,0.5,1.55,25.0,0.62,3.4444444444444444e-06,0.6888888888888888,0.5,0.6166666666666666,13,Alternative
trees x3,0,3,0,150000.0,350000.0,1.0499999999999998,0.30000000000000004,0.75,15.0,0.3,5e-06,1.0,0.7,0.59,14,Alternative
cooling_stop x3 + trees x4,3,4,0,500000.0,0.0,2.15,0.4,1.45,20.0,0.58,2.8999999999999998e-06,0.58,0.6,0.584,15,Alternative
cooling_stop x1 + trees x4,1,4,0,300000.0,200000.0,1.65,0.4,1.15,20.0,0.45999999999999996,3.833333333333333e-06,0.7666666666666665,0.6,0.5799999999999998,16,Alternative
cooling_stop x2 + trees x4,2,4,0,400000.0,100000.0,1.9,0.4,1.3,20.0,0.52,3.2500000000000002e-06,0.65,0.6,0.575,17,Alternative
trees x2,0,2,0,100000.0,400000.0,0.7,0.2,0.5,10.0,0.2,5e-06,1.0,0.8,0.56,18,Alternative
cooling_stop x3 + trees x3,3,3,0,450000.0,50000.0,1.7999999999999998,0.30000000000000004,1.2,15.0,0.48,2.6666666666666664e-06,0.5333333333333332,0.7,0.5399999999999999,19,Alternative
cooling_stop x1 + trees x3,1,3,0,250000.0,250000.0,1.2999999999999998,0.30000000000000004,0.9,15.0,0.36,3.6000000000000003e-06,0.72,0.7,0.536,20,Alternative
cooling_stop x2 + trees x3,2,3,0,350000.0,150000.0,1.5499999999999998,0.30000000000000004,1.05,15.0,0.42000000000000004,3e-06,0.6,0.7,0.53,21,Alternative
trees x1,0,1,0,50000.0,450000.0,0.35,0.1,0.25,5.0,0.1,5e-06,1.0,0.9,0.53,22,Alternative
cooling_stop x4 + trees x2,4,2,0,500000.0,0.0,1.7,0.2,1.1,10.0,0.44000000000000006,2.2e-06,0.44,0.8,0.512,23,Alternative
cooling_stop x3 + trees x2,3,2,0,400000.0,100000.0,1.45,0.2,0.95,10.0,0.38,2.3749999999999997e-06,0.4749999999999999,0.8,0.4925,24,Alternative
cooling_stop x1 + trees x2,1,2,0,200000.0,300000.0,0.95,0.2,0.65,10.0,0.26,3.2500000000000002e-06,0.65,0.8,0.48500000000000004,25,Alternative
cooling_stop x2 + trees x2,2,2,0,300000.0,200000.0,1.2,0.2,0.8,10.0,0.32,2.666666666666667e-06,0.5333333333333333,0.8,0.48000000000000004,26,Alternative
cooling_stop x4 + trees x1,4,1,0,450000.0,50000.0,1.35,0.1,0.85,5.0,0.33999999999999997,1.8888888888888888e-06,0.3777777777777777,0.9,0.4633333333333334,27,Alternative
cooling_stop x5,5,0,0,500000.0,0.0,1.25,0.0,0.75,0.0,0.3,1.5e-06,0.3,1.0,0.44,28,Alternative
cooling_stop x3 + trees x1,3,1,0,350000.0,150000.0,1.1,0.1,0.7,5.0,0.27999999999999997,2e-06,0.39999999999999997,0.9,0.43999999999999995,29,Alternative
cooling_stop x2 + trees x1,2,1,0,250000.0,250000.0,0.85,0.1,0.55,5.0,0.22000000000000003,2.2e-06,0.44,0.9,0.42200000000000004,30,Alternative
cooling_stop x1 + trees x1,1,1,0,150000.0,350000.0,0.6,0.1,0.4,5.0,0.16,2.666666666666667e-06,0.5333333333333333,0.9,0.42000000000000004,31,Alternative
cooling_stop x4,4,0,0,400000.0,100000.0,1.0,0.0,0.6,0.0,0.24,1.5e-06,0.3,1.0,0.41000000000000003,32,Alternative
cooling_stop x3,3,0,0,300000.0,200000.0,0.75,0.0,0.44999999999999996,0.0,0.18,1.4999999999999998e-06,0.29999999999999993,1.0,0.38,33,Alternative
cooling_stop x2,2,0,0,200000.0,300000.0,0.5,0.0,0.3,0.0,0.12,1.5e-06,0.3,1.0,0.35,34,Alternative
cooling_stop x1,1,0,0,100000.0,400000.0,0.25,0.0,0.15,0.0,0.06,1.5e-06,0.3,1.0,0.32,35,Alternative
green_corridor x1,0,0,1,500000.0,0.0,0.4,0.3,0.36,2.0,0.144,7.2e-07,0.144,0.96,0.30720000000000003,36,Alternative
