cost_inr,population_protected_index,immediate_benefit_index,future_benefit_index,total_benefit_index,strategy,cooling_stop_units,tree_units,green_corridor_units,rank
950000,2750,1.0499999999999998,5.0,3.55,3 cooling_stop + 100 tree,3,100,0,1
945000,2730,1.0499999999999998,4.95,3.525,3 cooling_stop + 99 tree,3,99,0,2
940000,2710,1.0499999999999998,4.9,3.5,3 cooling_stop + 98 tree,3,98,0,3
935000,2690,1.0499999999999998,4.8500000000000005,3.475,3 cooling_stop + 97 tree,3,97,0,4
930000,2670,1.0499999999999998,4.800000000000001,3.45,3 cooling_stop + 96 tree,3,96,0,5
925000,2650,1.0499999999999998,4.75,3.425,3 cooling_stop + 95 tree,3,95,0,6
920000,2630,1.0499999999999998,4.7,3.4,3 cooling_stop + 94 tree,3,94,0,7
1000000,2600,1.4,4.0,3.4,4 cooling_stop + 80 tree,4,80,0,8
915000,2610,1.0499999999999998,4.65,3.375,3 cooling_stop + 93 tree,3,93,0,9
995000,2580,1.4,3.95,3.375,4 cooling_stop + 79 tree,4,79,0,10
910000,2590,1.0499999999999998,4.6000000000000005,3.35,3 cooling_stop + 92 tree,3,92,0,11
990000,2560,1.4,3.9000000000000004,3.35,4 cooling_stop + 78 tree,4,78,0,12
985000,2540,1.4,3.85,3.325,4 cooling_stop + 77 tree,4,77,0,13
905000,2570,1.0499999999999998,4.55,3.3249999999999997,3 cooling_stop + 91 tree,3,91,0,14
900000,2550,1.0499999999999998,4.5,3.3,3 cooling_stop + 90 tree,3,90,0,15
980000,2520,1.4,3.8000000000000003,3.3,4 cooling_stop + 76 tree,4,76,0,16
895000,2530,1.0499999999999998,4.45,3.275,3 cooling_stop + 89 tree,3,89,0,17
975000,2500,1.4,3.75,3.275,4 cooling_stop + 75 tree,4,75,0,18
890000,2510,1.0499999999999998,4.4,3.25,3 cooling_stop + 88 tree,3,88,0,19
970000,2480,1.4,3.7,3.25,4 cooling_stop + 74 tree,4,74,0,20
885000,2490,1.0499999999999998,4.3500000000000005,3.225,3 cooling_stop + 87 tree,3,87,0,21
965000,2460,1.4,3.6500000000000004,3.225,4 cooling_stop + 73 tree,4,73,0,22
800000,2500,0.7,5.0,3.2,2 cooling_stop + 100 tree,2,100,0,23
960000,2440,1.4,3.6,3.2,4 cooling_stop + 72 tree,4,72,0,24
880000,2470,1.0499999999999998,4.3,3.1999999999999997,3 cooling_stop + 86 tree,3,86,0,25
795000,2480,0.7,4.95,3.175,2 cooling_stop + 99 tree,2,99,0,26
875000,2450,1.0499999999999998,4.25,3.175,3 cooling_stop + 85 tree,3,85,0,27
955000,2420,1.4,3.5500000000000003,3.175,4 cooling_stop + 71 tree,4,71,0,28
790000,2460,0.7,4.9,3.1500000000000004,2 cooling_stop + 98 tree,2,98,0,29
870000,2430,1.0499999999999998,4.2,3.15,3 cooling_stop + 84 tree,3,84,0,30
950000,2400,1.4,3.5,3.15,4 cooling_stop + 70 tree,4,70,0,31
785000,2440,0.7,4.8500000000000005,3.125,2 cooling_stop + 97 tree,2,97,0,32
865000,2410,1.0499999999999998,4.15,3.125,3 cooling_stop + 83 tree,3,83,0,33
945000,2380,1.4,3.45,3.125,4 cooling_stop + 69 tree,4,69,0,34
780000,2420,0.7,4.800000000000001,3.1000000000000005,2 cooling_stop + 96 tree,2,96,0,35
860000,2390,1.0499999999999998,4.1000000000000005,3.1,3 cooling_stop + 82 tree,3,82,0,36
940000,2360,1.4,3.4000000000000004,3.1,4 cooling_stop + 68 tree,4,68,0,37
775000,2400,0.7,4.75,3.075,2 cooling_stop + 95 tree,2,95,0,38
935000,2340,1.4,3.35,3.075,4 cooling_stop + 67 tree,4,67,0,39
855000,2370,1.0499999999999998,4.05,3.0749999999999997,3 cooling_stop + 81 tree,3,81,0,40
770000,2380,0.7,4.7,3.05,2 cooling_stop + 94 tree,2,94,0,41
850000,2350,1.0499999999999998,4.0,3.05,3 cooling_stop + 80 tree,3,80,0,42
930000,2320,1.4,3.3000000000000003,3.05,4 cooling_stop + 66 tree,4,66,0,43
765000,2360,0.7,4.65,3.0250000000000004,2 cooling_stop + 93 tree,2,93,0,44
845000,2330,1.0499999999999998,3.95,3.025,3 cooling_stop + 79 tree,3,79,0,45
925000,2300,1.4,3.25,3.025,4 cooling_stop + 65 tree,4,65,0,46
760000,2340,0.7,4.6000000000000005,3.0,2 cooling_stop + 92 tree,2,92,0,47
840000,2310,1.0499999999999998,3.9000000000000004,3.0,3 cooling_stop + 78 tree,3,78,0,48
920000,2280,1.4,3.2,3.0,4 cooling_stop + 64 tree,4,64,0,49
1000000,2250,1.75,2.5,3.0,5 cooling_stop + 50 tree,5,50,0,50
915000,2260,1.4,3.1500000000000004,2.975,4 cooling_stop + 63 tree,4,63,0,51
995000,2230,1.75,2.45,2.975,5 cooling_stop + 49 tree,5,49,0,52
755000,2320,0.7,4.55,2.9749999999999996,2 cooling_stop + 91 tree,2,91,0,53
835000,2290,1.0499999999999998,3.85,2.9749999999999996,3 cooling_stop + 77 tree,3,77,0,54
750000,2300,0.7,4.5,2.95,2 cooling_stop + 90 tree,2,90,0,55
830000,2270,1.0499999999999998,3.8000000000000003,2.95,3 cooling_stop + 76 tree,3,76,0,56
910000,2240,1.4,3.1,2.95,4 cooling_stop + 62 tree,4,62,0,57
990000,2210,1.75,2.4000000000000004,2.95,5 cooling_stop + 48 tree,5,48,0,58
745000,2280,0.7,4.45,2.925,2 cooling_stop + 89 tree,2,89,0,59
825000,2250,1.0499999999999998,3.75,2.925,3 cooling_stop + 75 tree,3,75,0,60
905000,2220,1.4,3.0500000000000003,2.925,4 cooling_stop + 61 tree,4,61,0,61
985000,2190,1.75,2.35,2.925,5 cooling_stop + 47 tree,5,47,0,62
740000,2260,0.7,4.4,2.9000000000000004,2 cooling_stop + 88 tree,2,88,0,63
980000,2170,1.75,2.3000000000000003,2.9000000000000004,5 cooling_stop + 46 tree,5,46,0,64
820000,2230,1.0499999999999998,3.7,2.9,3 cooling_stop + 74 tree,3,74,0,65
900000,2200,1.4,3.0,2.9,4 cooling_stop + 60 tree,4,60,0,66
735000,2240,0.7,4.3500000000000005,2.875,2 cooling_stop + 87 tree,2,87,0,67
815000,2210,1.0499999999999998,3.6500000000000004,2.875,3 cooling_stop + 73 tree,3,73,0,68
895000,2180,1.4,2.95,2.875,4 cooling_stop + 59 tree,4,59,0,69
975000,2150,1.75,2.25,2.875,5 cooling_stop + 45 tree,5,45,0,70
650000,2250,0.35,5.0,2.85,1 cooling_stop + 100 tree,1,100,0,71
890000,2160,1.4,2.9000000000000004,2.85,4 cooling_stop + 58 tree,4,58,0,72
970000,2130,1.75,2.2,2.85,5 cooling_stop + 44 tree,5,44,0,73
730000,2220,0.7,4.3,2.8499999999999996,2 cooling_stop + 86 tree,2,86,0,74
810000,2190,1.0499999999999998,3.6,2.8499999999999996,3 cooling_stop + 72 tree,3,72,0,75
645000,2230,0.35,4.95,2.825,1 cooling_stop + 99 tree,1,99,0,76
725000,2200,0.7,4.25,2.825,2 cooling_stop + 85 tree,2,85,0,77
805000,2170,1.0499999999999998,3.5500000000000003,2.825,3 cooling_stop + 71 tree,3,71,0,78
885000,2140,1.4,2.85,2.825,4 cooling_stop + 57 tree,4,57,0,79
965000,2110,1.75,2.15,2.825,5 cooling_stop + 43 tree,5,43,0,80
640000,2210,0.35,4.9,2.8000000000000003,1 cooling_stop + 98 tree,1,98,0,81
720000,2180,0.7,4.2,2.8,2 cooling_stop + 84 tree,2,84,0,82
800000,2150,1.0499999999999998,3.5,2.8,3 cooling_stop + 70 tree,3,70,0,83
880000,2120,1.4,2.8000000000000003,2.8,4 cooling_stop + 56 tree,4,56,0,84
960000,2090,1.75,2.1,2.8,5 cooling_stop + 42 tree,5,42,0,85
635000,2190,0.35,4.8500000000000005,2.7750000000000004,1 cooling_stop + 97 tree,1,97,0,86
715000,2160,0.7,4.15,2.7750000000000004,2 cooling_stop + 83 tree,2,83,0,87
955000,2070,1.75,2.0500000000000003,2.7750000000000004,5 cooling_stop + 41 tree,5,41,0,88
795000,2130,1.0499999999999998,3.45,2.775,3 cooling_stop + 69 tree,3,69,0,89
875000,2100,1.4,2.75,2.775,4 cooling_stop + 55 tree,4,55,0,90
630000,2170,0.35,4.800000000000001,2.7500000000000004,1 cooling_stop + 96 tree,1,96,0,91
710000,2140,0.7,4.1000000000000005,2.75,2 cooling_stop + 82 tree,2,82,0,92
790000,2110,1.0499999999999998,3.4000000000000004,2.75,3 cooling_stop + 68 tree,3,68,0,93
870000,2080,1.4,2.7,2.75,4 cooling_stop + 54 tree,4,54,0,94
950000,2050,1.75,2.0,2.75,5 cooling_stop + 40 tree,5,40,0,95
625000,2150,0.35,4.75,2.725,1 cooling_stop + 95 tree,1,95,0,96
865000,2060,1.4,2.6500000000000004,2.725,4 cooling_stop + 53 tree,4,53,0,97
945000,2030,1.75,1.9500000000000002,2.725,5 cooling_stop + 39 tree,5,39,0,98
705000,2120,0.7,4.05,2.7249999999999996,2 cooling_stop + 81 tree,2,81,0,99
785000,2090,1.0499999999999998,3.35,2.7249999999999996,3 cooling_stop + 67 tree,3,67,0,100
620000,2130,0.35,4.7,2.7,1 cooling_stop + 94 tree,1,94,0,101
700000,2100,0.7,4.0,2.7,2 cooling_stop + 80 tree,2,80,0,102
780000,2070,1.0499999999999998,3.3000000000000003,2.7,3 cooling_stop + 66 tree,3,66,0,103
860000,2040,1.4,2.6,2.7,4 cooling_stop + 52 tree,4,52,0,104
940000,2010,1.75,1.9000000000000001,2.7,5 cooling_stop + 38 tree,5,38,0,105
615000,2110,0.35,4.65,2.6750000000000003,1 cooling_stop + 93 tree,1,93,0,106
695000,2080,0.7,3.95,2.675,2 cooling_stop + 79 tree,2,79,0,107
775000,2050,1.0499999999999998,3.25,2.675,3 cooling_stop + 65 tree,3,65,0,108
855000,2020,1.4,2.5500000000000003,2.675,4 cooling_stop + 51 tree,4,51,0,109
935000,1990,1.75,1.85,2.675,5 cooling_stop + 37 tree,5,37,0,110
610000,2090,0.35,4.6000000000000005,2.6500000000000004,1 cooling_stop + 92 tree,1,92,0,111
690000,2060,0.7,3.9000000000000004,2.6500000000000004,2 cooling_stop + 78 tree,2,78,0,112
770000,2030,1.0499999999999998,3.2,2.65,3 cooling_stop + 64 tree,3,64,0,113
850000,2000,1.4,2.5,2.65,4 cooling_stop + 50 tree,4,50,0,114
930000,1970,1.75,1.8,2.65,5 cooling_stop + 36 tree,5,36,0,115
605000,2070,0.35,4.55,2.625,1 cooling_stop + 91 tree,1,91,0,116
685000,2040,0.7,3.85,2.625,2 cooling_stop + 77 tree,2,77,0,117
765000,2010,1.0499999999999998,3.1500000000000004,2.625,3 cooling_stop + 63 tree,3,63,0,118
845000,1980,1.4,2.45,2.625,4 cooling_stop + 49 tree,4,49,0,119
925000,1950,1.75,1.75,2.625,5 cooling_stop + 35 tree,5,35,0,120
600000,2050,0.35,4.5,2.6,1 cooling_stop + 90 tree,1,90,0,121
680000,2020,0.7,3.8000000000000003,2.6,2 cooling_stop + 76 tree,2,76,0,122
840000,1960,1.4,2.4000000000000004,2.6,4 cooling_stop + 48 tree,4,48,0,123
920000,1930,1.75,1.7000000000000002,2.6,5 cooling_stop + 34 tree,5,34,0,124
760000,1990,1.0499999999999998,3.1,2.5999999999999996,3 cooling_stop + 62 tree,3,62,0,125
1000000,1900,2.0999999999999996,1.0,2.5999999999999996,6 cooling_stop + 20 tree,6,20,0,126
595000,2030,0.35,4.45,2.575,1 cooling_stop + 89 tree,1,89,0,127
675000,2000,0.7,3.75,2.575,2 cooling_stop + 75 tree,2,75,0,128
755000,1970,1.0499999999999998,3.0500000000000003,2.575,3 cooling_stop + 61 tree,3,61,0,129
835000,1940,1.4,2.35,2.575,4 cooling_stop + 47 tree,4,47,0,130
915000,1910,1.75,1.6500000000000001,2.575,5 cooling_stop + 33 tree,5,33,0,131
995000,1880,2.0999999999999996,0.9500000000000001,2.5749999999999997,6 cooling_stop + 19 tree,6,19,0,132
590000,2010,0.35,4.4,2.5500000000000003,1 cooling_stop + 88 tree,1,88,0,133
670000,1980,0.7,3.7,2.55,2 cooling_stop + 74 tree,2,74,0,134
750000,1950,1.0499999999999998,3.0,2.55,3 cooling_stop + 60 tree,3,60,0,135
830000,1920,1.4,2.3000000000000003,2.55,4 cooling_stop + 46 tree,4,46,0,136
910000,1890,1.75,1.6,2.55,5 cooling_stop + 32 tree,5,32,0,137
990000,1860,2.0999999999999996,0.9,2.55,6 cooling_stop + 18 tree,6,18,0,138
585000,1990,0.35,4.3500000000000005,2.5250000000000004,1 cooling_stop + 87 tree,1,87,0,139
665000,1960,0.7,3.6500000000000004,2.5250000000000004,2 cooling_stop + 73 tree,2,73,0,140
745000,1930,1.0499999999999998,2.95,2.525,3 cooling_stop + 59 tree,3,59,0,141
825000,1900,1.4,2.25,2.525,4 cooling_stop + 45 tree,4,45,0,142
905000,1870,1.75,1.55,2.525,5 cooling_stop + 31 tree,5,31,0,143
985000,1840,2.0999999999999996,0.8500000000000001,2.5249999999999995,6 cooling_stop + 17 tree,6,17,0,144
500000,2000,0.0,5.0,2.5,100 tree,0,100,0,145
580000,1970,0.35,4.3,2.5,1 cooling_stop + 86 tree,1,86,0,146
660000,1940,0.7,3.6,2.5,2 cooling_stop + 72 tree,2,72,0,147
740000,1910,1.0499999999999998,2.9000000000000004,2.5,3 cooling_stop + 58 tree,3,58,0,148
820000,1880,1.4,2.2,2.5,4 cooling_stop + 44 tree,4,44,0,149
900000,1850,1.75,1.5,2.5,5 cooling_stop + 30 tree,5,30,0,150
980000,1820,2.0999999999999996,0.8,2.4999999999999996,6 cooling_stop + 16 tree,6,16,0,151
495000,1980,0.0,4.95,2.475,99 tree,0,99,0,152
575000,1950,0.35,4.25,2.475,1 cooling_stop + 85 tree,1,85,0,153
655000,1920,0.7,3.5500000000000003,2.475,2 cooling_stop + 71 tree,2,71,0,154
895000,1830,1.75,1.4500000000000002,2.475,5 cooling_stop + 29 tree,5,29,0,155
735000,1890,1.0499999999999998,2.85,2.4749999999999996,3 cooling_stop + 57 tree,3,57,0,156
815000,1860,1.4,2.15,2.4749999999999996,4 cooling_stop + 43 tree,4,43,0,157
975000,1800,2.0999999999999996,0.75,2.4749999999999996,6 cooling_stop + 15 tree,6,15,0,158
490000,1960,0.0,4.9,2.45,98 tree,0,98,0,159
570000,1930,0.35,4.2,2.45,1 cooling_stop + 84 tree,1,84,0,160
650000,1900,0.7,3.5,2.45,2 cooling_stop + 70 tree,2,70,0,161
730000,1870,1.0499999999999998,2.8000000000000003,2.45,3 cooling_stop + 56 tree,3,56,0,162
810000,1840,1.4,2.1,2.45,4 cooling_stop + 42 tree,4,42,0,163
890000,1810,1.75,1.4000000000000001,2.45,5 cooling_stop + 28 tree,5,28,0,164
970000,1780,2.0999999999999996,0.7000000000000001,2.4499999999999997,6 cooling_stop + 14 tree,6,14,0,165
485000,1940,0.0,4.8500000000000005,2.4250000000000003,97 tree,0,97,0,166
565000,1910,0.35,4.15,2.4250000000000003,1 cooling_stop + 83 tree,1,83,0,167
645000,1880,0.7,3.45,2.425,2 cooling_stop + 69 tree,2,69,0,168
725000,1850,1.0499999999999998,2.75,2.425,3 cooling_stop + 55 tree,3,55,0,169
805000,1820,1.4,2.0500000000000003,2.425,4 cooling_stop + 41 tree,4,41,0,170
885000,1790,1.75,1.35,2.425,5 cooling_stop + 27 tree,5,27,0,171
965000,1760,2.0999999999999996,0.65,2.425,6 cooling_stop + 13 tree,6,13,0,172
480000,1920,0.0,4.800000000000001,2.4000000000000004,96 tree,0,96,0,173
560000,1890,0.35,4.1000000000000005,2.4000000000000004,1 cooling_stop + 82 tree,1,82,0,174
640000,1860,0.7,3.4000000000000004,2.4000000000000004,2 cooling_stop + 68 tree,2,68,0,175
720000,1830,1.0499999999999998,2.7,2.4,3 cooling_stop + 54 tree,3,54,0,176
800000,1800,1.4,2.0,2.4,4 cooling_stop + 40 tree,4,40,0,177
880000,1770,1.75,1.3,2.4,5 cooling_stop + 26 tree,5,26,0,178
960000,1740,2.0999999999999996,0.6000000000000001,2.3999999999999995,6 cooling_stop + 12 tree,6,12,0,179
475000,1900,0.0,4.75,2.375,95 tree,0,95,0,180
555000,1870,0.35,4.05,2.375,1 cooling_stop + 81 tree,1,81,0,181
635000,1840,0.7,3.35,2.375,2 cooling_stop + 67 tree,2,67,0,182
715000,1810,1.0499999999999998,2.6500000000000004,2.375,3 cooling_stop + 53 tree,3,53,0,183
795000,1780,1.4,1.9500000000000002,2.375,4 cooling_stop + 39 tree,4,39,0,184
875000,1750,1.75,1.25,2.375,5 cooling_stop + 25 tree,5,25,0,185
955000,1720,2.0999999999999996,0.55,2.3749999999999996,6 cooling_stop + 11 tree,6,11,0,186
470000,1880,0.0,4.7,2.35,94 tree,0,94,0,187
550000,1850,0.35,4.0,2.35,1 cooling_stop + 80 tree,1,80,0,188
630000,1820,0.7,3.3000000000000003,2.35,2 cooling_stop + 66 tree,2,66,0,189
790000,1760,1.4,1.9000000000000001,2.35,4 cooling_stop + 38 tree,4,38,0,190
870000,1730,1.75,1.2000000000000002,2.35,5 cooling_stop + 24 tree,5,24,0,191
710000,1790,1.0499999999999998,2.6,2.3499999999999996,3 cooling_stop + 52 tree,3,52,0,192
950000,1700,2.0999999999999996,0.5,2.3499999999999996,6 cooling_stop + 10 tree,6,10,0,193
465000,1860,0.0,4.65,2.325,93 tree,0,93,0,194
545000,1830,0.35,3.95,2.325,1 cooling_stop + 79 tree,1,79,0,195
625000,1800,0.7,3.25,2.325,2 cooling_stop + 65 tree,2,65,0,196
705000,1770,1.0499999999999998,2.5500000000000003,2.325,3 cooling_stop + 51 tree,3,51,0,197
785000,1740,1.4,1.85,2.325,4 cooling_stop + 37 tree,4,37,0,198
865000,1710,1.75,1.1500000000000001,2.325,5 cooling_stop + 23 tree,5,23,0,199
945000,1680,2.0999999999999996,0.45,2.3249999999999997,6 cooling_stop + 9 tree,6,9,0,200
460000,1840,0.0,4.6000000000000005,2.3000000000000003,92 tree,0,92,0,201
540000,1810,0.35,3.9000000000000004,2.3000000000000003,1 cooling_stop + 78 tree,1,78,0,202
620000,1780,0.7,3.2,2.3,2 cooling_stop + 64 tree,2,64,0,203
700000,1750,1.0499999999999998,2.5,2.3,3 cooling_stop + 50 tree,3,50,0,204
780000,1720,1.4,1.8,2.3,4 cooling_stop + 36 tree,4,36,0,205
860000,1690,1.75,1.1,2.3,5 cooling_stop + 22 tree,5,22,0,206
940000,1660,2.0999999999999996,0.4,2.3,6 cooling_stop + 8 tree,6,8,0,207
615000,1760,0.7,3.1500000000000004,2.2750000000000004,2 cooling_stop + 63 tree,2,63,0,208
455000,1820,0.0,4.55,2.275,91 tree,0,91,0,209
535000,1790,0.35,3.85,2.275,1 cooling_stop + 77 tree,1,77,0,210
695000,1730,1.0499999999999998,2.45,2.275,3 cooling_stop + 49 tree,3,49,0,211
775000,1700,1.4,1.75,2.275,4 cooling_stop + 35 tree,4,35,0,212
855000,1670,1.75,1.05,2.275,5 cooling_stop + 21 tree,5,21,0,213
935000,1640,2.0999999999999996,0.35000000000000003,2.2749999999999995,6 cooling_stop + 7 tree,6,7,0,214
450000,1800,0.0,4.5,2.25,90 tree,0,90,0,215
530000,1770,0.35,3.8000000000000003,2.25,1 cooling_stop + 76 tree,1,76,0,216
610000,1740,0.7,3.1,2.25,2 cooling_stop + 62 tree,2,62,0,217
690000,1710,1.0499999999999998,2.4000000000000004,2.25,3 cooling_stop + 48 tree,3,48,0,218
770000,1680,1.4,1.7000000000000002,2.25,4 cooling_stop + 34 tree,4,34,0,219
850000,1650,1.75,1.0,2.25,5 cooling_stop + 20 tree,5,20,0,220
930000,1620,2.0999999999999996,0.30000000000000004,2.2499999999999996,6 cooling_stop + 6 tree,6,6,0,221
445000,1780,0.0,4.45,2.225,89 tree,0,89,0,222
525000,1750,0.35,3.75,2.225,1 cooling_stop + 75 tree,1,75,0,223
605000,1720,0.7,3.0500000000000003,2.225,2 cooling_stop + 61 tree,2,61,0,224
765000,1660,1.4,1.6500000000000001,2.225,4 cooling_stop + 33 tree,4,33,0,225
845000,1630,1.75,0.9500000000000001,2.225,5 cooling_stop + 19 tree,5,19,0,226
685000,1690,1.0499999999999998,2.35,2.2249999999999996,3 cooling_stop + 47 tree,3,47,0,227
925000,1600,2.0999999999999996,0.25,2.2249999999999996,6 cooling_stop + 5 tree,6,5,0,228
440000,1760,0.0,4.4,2.2,88 tree,0,88,0,229
520000,1730,0.35,3.7,2.2,1 cooling_stop + 74 tree,1,74,0,230
600000,1700,0.7,3.0,2.2,2 cooling_stop + 60 tree,2,60,0,231
680000,1670,1.0499999999999998,2.3000000000000003,2.2,3 cooling_stop + 46 tree,3,46,0,232
760000,1640,1.4,1.6,2.2,4 cooling_stop + 32 tree,4,32,0,233
840000,1610,1.75,0.9,2.2,5 cooling_stop + 18 tree,5,18,0,234
920000,1580,2.0999999999999996,0.2,2.1999999999999997,6 cooling_stop + 4 tree,6,4,0,235
435000,1740,0.0,4.3500000000000005,2.1750000000000003,87 tree,0,87,0,236
515000,1710,0.35,3.6500000000000004,2.1750000000000003,1 cooling_stop + 73 tree,1,73,0,237
595000,1680,0.7,2.95,2.175,2 cooling_stop + 59 tree,2,59,0,238
675000,1650,1.0499999999999998,2.25,2.175,3 cooling_stop + 45 tree,3,45,0,239
755000,1620,1.4,1.55,2.175,4 cooling_stop + 31 tree,4,31,0,240
835000,1590,1.75,0.8500000000000001,2.175,5 cooling_stop + 17 tree,5,17,0,241
915000,1560,2.0999999999999996,0.15000000000000002,2.175,6 cooling_stop + 3 tree,6,3,0,242
590000,1660,0.7,2.9000000000000004,2.1500000000000004,2 cooling_stop + 58 tree,2,58,0,243
430000,1720,0.0,4.3,2.15,86 tree,0,86,0,244
510000,1690,0.35,3.6,2.15,1 cooling_stop + 72 tree,1,72,0,245
670000,1630,1.0499999999999998,2.2,2.15,3 cooling_stop + 44 tree,3,44,0,246
750000,1600,1.4,1.5,2.15,4 cooling_stop + 30 tree,4,30,0,247
830000,1570,1.75,0.8,2.15,5 cooling_stop + 16 tree,5,16,0,248
910000,1540,2.0999999999999996,0.1,2.1499999999999995,6 cooling_stop + 2 tree,6,2,0,249
425000,1700,0.0,4.25,2.125,85 tree,0,85,0,250
505000,1670,0.35,3.5500000000000003,2.125,1 cooling_stop + 71 tree,1,71,0,251
585000,1640,0.7,2.85,2.125,2 cooling_stop + 57 tree,2,57,0,252
665000,1610,1.0499999999999998,2.15,2.125,3 cooling_stop + 43 tree,3,43,0,253
745000,1580,1.4,1.4500000000000002,2.125,4 cooling_stop + 29 tree,4,29,0,254
825000,1550,1.75,0.75,2.125,5 cooling_stop + 15 tree,5,15,0,255
905000,1520,2.0999999999999996,0.05,2.1249999999999996,6 cooling_stop + 1 tree,6,1,0,256
420000,1680,0.0,4.2,2.1,84 tree,0,84,0,257
500000,1650,0.35,3.5,2.1,1 cooling_stop + 70 tree,1,70,0,258
580000,1620,0.7,2.8000000000000003,2.1,2 cooling_stop + 56 tree,2,56,0,259
740000,1560,1.4,1.4000000000000001,2.1,4 cooling_stop + 28 tree,4,28,0,260
820000,1530,1.75,0.7000000000000001,2.1,5 cooling_stop + 14 tree,5,14,0,261
660000,1590,1.0499999999999998,2.1,2.0999999999999996,3 cooling_stop + 42 tree,3,42,0,262
900000,1500,2.0999999999999996,0.0,2.0999999999999996,6 cooling_stop,6,0,0,263
415000,1660,0.0,4.15,2.075,83 tree,0,83,0,264
495000,1630,0.35,3.45,2.075,1 cooling_stop + 69 tree,1,69,0,265
575000,1600,0.7,2.75,2.075,2 cooling_stop + 55 tree,2,55,0,266
655000,1570,1.0499999999999998,2.0500000000000003,2.075,3 cooling_stop + 41 tree,3,41,0,267
735000,1540,1.4,1.35,2.075,4 cooling_stop + 27 tree,4,27,0,268
815000,1510,1.75,0.65,2.075,5 cooling_stop + 13 tree,5,13,0,269
410000,1640,0.0,4.1000000000000005,2.0500000000000003,82 tree,0,82,0,270
490000,1610,0.35,3.4000000000000004,2.0500000000000003,1 cooling_stop + 68 tree,1,68,0,271
570000,1580,0.7,2.7,2.05,2 cooling_stop + 54 tree,2,54,0,272
650000,1550,1.0499999999999998,2.0,2.05,3 cooling_stop + 40 tree,3,40,0,273
730000,1520,1.4,1.3,2.05,4 cooling_stop + 26 tree,4,26,0,274
810000,1490,1.75,0.6000000000000001,2.05,5 cooling_stop + 12 tree,5,12,0,275
565000,1560,0.7,2.6500000000000004,2.0250000000000004,2 cooling_stop + 53 tree,2,53,0,276
405000,1620,0.0,4.05,2.025,81 tree,0,81,0,277
485000,1590,0.35,3.35,2.025,1 cooling_stop + 67 tree,1,67,0,278
645000,1530,1.0499999999999998,1.9500000000000002,2.025,3 cooling_stop + 39 tree,3,39,0,279
725000,1500,1.4,1.25,2.025,4 cooling_stop + 25 tree,4,25,0,280
805000,1470,1.75,0.55,2.025,5 cooling_stop + 11 tree,5,11,0,281
400000,1600,0.0,4.0,2.0,80 tree,0,80,0,282
480000,1570,0.35,3.3000000000000003,2.0,1 cooling_stop + 66 tree,1,66,0,283
560000,1540,0.7,2.6,2.0,2 cooling_stop + 52 tree,2,52,0,284
640000,1510,1.0499999999999998,1.9000000000000001,2.0,3 cooling_stop + 38 tree,3,38,0,285
720000,1480,1.4,1.2000000000000002,2.0,4 cooling_stop + 24 tree,4,24,0,286
800000,1450,1.75,0.5,2.0,5 cooling_stop + 10 tree,5,10,0,287
395000,1580,0.0,3.95,1.975,79 tree,0,79,0,288
475000,1550,0.35,3.25,1.975,1 cooling_stop + 65 tree,1,65,0,289
555000,1520,0.7,2.5500000000000003,1.975,2 cooling_stop + 51 tree,2,51,0,290
715000,1460,1.4,1.1500000000000001,1.975,4 cooling_stop + 23 tree,4,23,0,291
795000,1430,1.75,0.45,1.975,5 cooling_stop + 9 tree,5,9,0,292
635000,1490,1.0499999999999998,1.85,1.9749999999999999,3 cooling_stop + 37 tree,3,37,0,293
390000,1560,0.0,3.9000000000000004,1.9500000000000002,78 tree,0,78,0,294
470000,1530,0.35,3.2,1.9500000000000002,1 cooling_stop + 64 tree,1,64,0,295
550000,1500,0.7,2.5,1.95,2 cooling_stop + 50 tree,2,50,0,296
710000,1440,1.4,1.1,1.95,4 cooling_stop + 22 tree,4,22,0,297
790000,1410,1.75,0.4,1.95,5 cooling_stop + 8 tree,5,8,0,298
630000,1470,1.0499999999999998,1.8,1.9499999999999997,3 cooling_stop + 36 tree,3,36,0,299
465000,1510,0.35,3.1500000000000004,1.9250000000000003,1 cooling_stop + 63 tree,1,63,0,300
385000,1540,0.0,3.85,1.925,77 tree,0,77,0,301
545000,1480,0.7,2.45,1.925,2 cooling_stop + 49 tree,2,49,0,302
785000,1390,1.75,0.35000000000000003,1.925,5 cooling_stop + 7 tree,5,7,0,303
625000,1450,1.0499999999999998,1.75,1.9249999999999998,3 cooling_stop + 35 tree,3,35,0,304
705000,1420,1.4,1.05,1.9249999999999998,4 cooling_stop + 21 tree,4,21,0,305
380000,1520,0.0,3.8000000000000003,1.9000000000000001,76 tree,0,76,0,306
540000,1460,0.7,2.4000000000000004,1.9000000000000001,2 cooling_stop + 48 tree,2,48,0,307
460000,1490,0.35,3.1,1.9,1 cooling_stop + 62 tree,1,62,0,308
620000,1430,1.0499999999999998,1.7000000000000002,1.9,3 cooling_stop + 34 tree,3,34,0,309
700000,1400,1.4,1.0,1.9,4 cooling_stop + 20 tree,4,20,0,310
780000,1370,1.75,0.30000000000000004,1.9,5 cooling_stop + 6 tree,5,6,0,311
375000,1500,0.0,3.75,1.875,75 tree,0,75,0,312
455000,1470,0.35,3.0500000000000003,1.875,1 cooling_stop + 61 tree,1,61,0,313
535000,1440,0.7,2.35,1.875,2 cooling_stop + 47 tree,2,47,0,314
615000,1410,1.0499999999999998,1.6500000000000001,1.875,3 cooling_stop + 33 tree,3,33,0,315
695000,1380,1.4,0.9500000000000001,1.875,4 cooling_stop + 19 tree,4,19,0,316
775000,1350,1.75,0.25,1.875,5 cooling_stop + 5 tree,5,5,0,317
370000,1480,0.0,3.7,1.85,74 tree,0,74,0,318
450000,1450,0.35,3.0,1.85,1 cooling_stop + 60 tree,1,60,0,319
530000,1420,0.7,2.3000000000000003,1.85,2 cooling_stop + 46 tree,2,46,0,320
770000,1330,1.75,0.2,1.85,5 cooling_stop + 4 tree,5,4,0,321
610000,1390,1.0499999999999998,1.6,1.8499999999999999,3 cooling_stop + 32 tree,3,32,0,322
690000,1360,1.4,0.9,1.8499999999999999,4 cooling_stop + 18 tree,4,18,0,323
365000,1460,0.0,3.6500000000000004,1.8250000000000002,73 tree,0,73,0,324
445000,1430,0.35,2.95,1.8250000000000002,1 cooling_stop + 59 tree,1,59,0,325
525000,1400,0.7,2.25,1.825,2 cooling_stop + 45 tree,2,45,0,326
685000,1340,1.4,0.8500000000000001,1.825,4 cooling_stop + 17 tree,4,17,0,327
765000,1310,1.75,0.15000000000000002,1.825,5 cooling_stop + 3 tree,5,3,0,328
605000,1370,1.0499999999999998,1.55,1.8249999999999997,3 cooling_stop + 31 tree,3,31,0,329
440000,1410,0.35,2.9000000000000004,1.8000000000000003,1 cooling_stop + 58 tree,1,58,0,330
360000,1440,0.0,3.6,1.8,72 tree,0,72,0,331
520000,1380,0.7,2.2,1.8,2 cooling_stop + 44 tree,2,44,0,332
760000,1290,1.75,0.1,1.8,5 cooling_stop + 2 tree,5,2,0,333
600000,1350,1.0499999999999998,1.5,1.7999999999999998,3 cooling_stop + 30 tree,3,30,0,334
680000,1320,1.4,0.8,1.7999999999999998,4 cooling_stop + 16 tree,4,16,0,335
355000,1420,0.0,3.5500000000000003,1.7750000000000001,71 tree,0,71,0,336
435000,1390,0.35,2.85,1.775,1 cooling_stop + 57 tree,1,57,0,337
515000,1360,0.7,2.15,1.775,2 cooling_stop + 43 tree,2,43,0,338
595000,1330,1.0499999999999998,1.4500000000000002,1.775,3 cooling_stop + 29 tree,3,29,0,339
675000,1300,1.4,0.75,1.775,4 cooling_stop + 15 tree,4,15,0,340
755000,1270,1.75,0.05,1.775,5 cooling_stop + 1 tree,5,1,0,341
350000,1400,0.0,3.5,1.75,70 tree,0,70,0,342
430000,1370,0.35,2.8000000000000003,1.75,1 cooling_stop + 56 tree,1,56,0,343
510000,1340,0.7,2.1,1.75,2 cooling_stop + 42 tree,2,42,0,344
590000,1310,1.0499999999999998,1.4000000000000001,1.75,3 cooling_stop + 28 tree,3,28,0,345
670000,1280,1.4,0.7000000000000001,1.75,4 cooling_stop + 14 tree,4,14,0,346
750000,1250,1.75,0.0,1.75,5 cooling_stop,5,0,0,347
345000,1380,0.0,3.45,1.725,69 tree,0,69,0,348
425000,1350,0.35,2.75,1.725,1 cooling_stop + 55 tree,1,55,0,349
505000,1320,0.7,2.0500000000000003,1.725,2 cooling_stop + 41 tree,2,41,0,350
585000,1290,1.0499999999999998,1.35,1.7249999999999999,3 cooling_stop + 27 tree,3,27,0,351
665000,1260,1.4,0.65,1.7249999999999999,4 cooling_stop + 13 tree,4,13,0,352
340000,1360,0.0,3.4000000000000004,1.7000000000000002,68 tree,0,68,0,353
420000,1330,0.35,2.7,1.7000000000000002,1 cooling_stop + 54 tree,1,54,0,354
500000,1300,0.7,2.0,1.7,2 cooling_stop + 40 tree,2,40,0,355
660000,1240,1.4,0.6000000000000001,1.7,4 cooling_stop + 12 tree,4,12,0,356
580000,1270,1.0499999999999998,1.3,1.6999999999999997,3 cooling_stop + 26 tree,3,26,0,357
415000,1310,0.35,2.6500000000000004,1.6750000000000003,1 cooling_stop + 53 tree,1,53,0,358
335000,1340,0.0,3.35,1.675,67 tree,0,67,0,359
495000,1280,0.7,1.9500000000000002,1.675,2 cooling_stop + 39 tree,2,39,0,360
575000,1250,1.0499999999999998,1.25,1.6749999999999998,3 cooling_stop + 25 tree,3,25,0,361
655000,1220,1.4,0.55,1.6749999999999998,4 cooling_stop + 11 tree,4,11,0,362
330000,1320,0.0,3.3000000000000003,1.6500000000000001,66 tree,0,66,0,363
410000,1290,0.35,2.6,1.65,1 cooling_stop + 52 tree,1,52,0,364
490000,1260,0.7,1.9000000000000001,1.65,2 cooling_stop + 38 tree,2,38,0,365
570000,1230,1.0499999999999998,1.2000000000000002,1.65,3 cooling_stop + 24 tree,3,24,0,366
650000,1200,1.4,0.5,1.65,4 cooling_stop + 10 tree,4,10,0,367
325000,1300,0.0,3.25,1.625,65 tree,0,65,0,368
405000,1270,0.35,2.5500000000000003,1.625,1 cooling_stop + 51 tree,1,51,0,369
485000,1240,0.7,1.85,1.625,2 cooling_stop + 37 tree,2,37,0,370
565000,1210,1.0499999999999998,1.1500000000000001,1.625,3 cooling_stop + 23 tree,3,23,0,371
645000,1180,1.4,0.45,1.625,4 cooling_stop + 9 tree,4,9,0,372
320000,1280,0.0,3.2,1.6,64 tree,0,64,0,373
400000,1250,0.35,2.5,1.6,1 cooling_stop + 50 tree,1,50,0,374
480000,1220,0.7,1.8,1.6,2 cooling_stop + 36 tree,2,36,0,375
560000,1190,1.0499999999999998,1.1,1.5999999999999999,3 cooling_stop + 22 tree,3,22,0,376
640000,1160,1.4,0.4,1.5999999999999999,4 cooling_stop + 8 tree,4,8,0,377
315000,1260,0.0,3.1500000000000004,1.5750000000000002,63 tree,0,63,0,378
395000,1230,0.35,2.45,1.5750000000000002,1 cooling_stop + 49 tree,1,49,0,379
475000,1200,0.7,1.75,1.575,2 cooling_stop + 35 tree,2,35,0,380
635000,1140,1.4,0.35000000000000003,1.575,4 cooling_stop + 7 tree,4,7,0,381
555000,1170,1.0499999999999998,1.05,1.5749999999999997,3 cooling_stop + 21 tree,3,21,0,382
390000,1210,0.35,2.4000000000000004,1.5500000000000003,1 cooling_stop + 48 tree,1,48,0,383
310000,1240,0.0,3.1,1.55,62 tree,0,62,0,384
470000,1180,0.7,1.7000000000000002,1.55,2 cooling_stop + 34 tree,2,34,0,385
550000,1150,1.0499999999999998,1.0,1.5499999999999998,3 cooling_stop + 20 tree,3,20,0,386
630000,1120,1.4,0.30000000000000004,1.5499999999999998,4 cooling_stop + 6 tree,4,6,0,387
305000,1220,0.0,3.0500000000000003,1.5250000000000001,61 tree,0,61,0,388
385000,1190,0.35,2.35,1.525,1 cooling_stop + 47 tree,1,47,0,389
465000,1160,0.7,1.6500000000000001,1.525,2 cooling_stop + 33 tree,2,33,0,390
545000,1130,1.0499999999999998,0.9500000000000001,1.525,3 cooling_stop + 19 tree,3,19,0,391
625000,1100,1.4,0.25,1.525,4 cooling_stop + 5 tree,4,5,0,392
300000,1200,0.0,3.0,1.5,60 tree,0,60,0,393
380000,1170,0.35,2.3000000000000003,1.5,1 cooling_stop + 46 tree,1,46,0,394
460000,1140,0.7,1.6,1.5,2 cooling_stop + 32 tree,2,32,0,395
620000,1080,1.4,0.2,1.5,4 cooling_stop + 4 tree,4,4,0,396
540000,1110,1.0499999999999998,0.9,1.4999999999999998,3 cooling_stop + 18 tree,3,18,0,397
295000,1180,0.0,2.95,1.475,59 tree,0,59,0,398
375000,1150,0.35,2.25,1.475,1 cooling_stop + 45 tree,1,45,0,399
455000,1120,0.7,1.55,1.475,2 cooling_stop + 31 tree,2,31,0,400
535000,1090,1.0499999999999998,0.8500000000000001,1.4749999999999999,3 cooling_stop + 17 tree,3,17,0,401
615000,1060,1.4,0.15000000000000002,1.4749999999999999,4 cooling_stop + 3 tree,4,3,0,402
290000,1160,0.0,2.9000000000000004,1.4500000000000002,58 tree,0,58,0,403
370000,1130,0.35,2.2,1.4500000000000002,1 cooling_stop + 44 tree,1,44,0,404
450000,1100,0.7,1.5,1.45,2 cooling_stop + 30 tree,2,30,0,405
610000,1040,1.4,0.1,1.45,4 cooling_stop + 2 tree,4,2,0,406
530000,1070,1.0499999999999998,0.8,1.4499999999999997,3 cooling_stop + 16 tree,3,16,0,407
285000,1140,0.0,2.85,1.425,57 tree,0,57,0,408
445000,1080,0.7,1.4500000000000002,1.425,2 cooling_stop + 29 tree,2,29,0,409
365000,1110,0.35,2.15,1.4249999999999998,1 cooling_stop + 43 tree,1,43,0,410
525000,1050,1.0499999999999998,0.75,1.4249999999999998,3 cooling_stop + 15 tree,3,15,0,411
605000,1020,1.4,0.05,1.4249999999999998,4 cooling_stop + 1 tree,4,1,0,412
280000,1120,0.0,2.8000000000000003,1.4000000000000001,56 tree,0,56,0,413
360000,1090,0.35,2.1,1.4,1 cooling_stop + 42 tree,1,42,0,414
440000,1060,0.7,1.4000000000000001,1.4,2 cooling_stop + 28 tree,2,28,0,415
520000,1030,1.0499999999999998,0.7000000000000001,1.4,3 cooling_stop + 14 tree,3,14,0,416
600000,1000,1.4,0.0,1.4,4 cooling_stop,4,0,0,417
275000,1100,0.0,2.75,1.375,55 tree,0,55,0,418
355000,1070,0.35,2.0500000000000003,1.375,1 cooling_stop + 41 tree,1,41,0,419
435000,1040,0.7,1.35,1.375,2 cooling_stop + 27 tree,2,27,0,420
515000,1010,1.0499999999999998,0.65,1.3749999999999998,3 cooling_stop + 13 tree,3,13,0,421
270000,1080,0.0,2.7,1.35,54 tree,0,54,0,422
350000,1050,0.35,2.0,1.35,1 cooling_stop + 40 tree,1,40,0,423
430000,1020,0.7,1.3,1.35,2 cooling_stop + 26 tree,2,26,0,424
510000,990,1.0499999999999998,0.6000000000000001,1.3499999999999999,3 cooling_stop + 12 tree,3,12,0,425
265000,1060,0.0,2.6500000000000004,1.3250000000000002,53 tree,0,53,0,426
345000,1030,0.35,1.9500000000000002,1.3250000000000002,1 cooling_stop + 39 tree,1,39,0,427
425000,1000,0.7,1.25,1.325,2 cooling_stop + 25 tree,2,25,0,428
505000,970,1.0499999999999998,0.55,1.3249999999999997,3 cooling_stop + 11 tree,3,11,0,429
260000,1040,0.0,2.6,1.3,52 tree,0,52,0,430
340000,1010,0.35,1.9000000000000001,1.3,1 cooling_stop + 38 tree,1,38,0,431
420000,980,0.7,1.2000000000000002,1.3,2 cooling_stop + 24 tree,2,24,0,432
500000,950,1.0499999999999998,0.5,1.2999999999999998,3 cooling_stop + 10 tree,3,10,0,433
255000,1020,0.0,2.5500000000000003,1.2750000000000001,51 tree,0,51,0,434
335000,990,0.35,1.85,1.275,1 cooling_stop + 37 tree,1,37,0,435
415000,960,0.7,1.1500000000000001,1.275,2 cooling_stop + 23 tree,2,23,0,436
495000,930,1.0499999999999998,0.45,1.275,3 cooling_stop + 9 tree,3,9,0,437
250000,1000,0.0,2.5,1.25,50 tree,0,50,0,438
330000,970,0.35,1.8,1.25,1 cooling_stop + 36 tree,1,36,0,439
410000,940,0.7,1.1,1.25,2 cooling_stop + 22 tree,2,22,0,440
490000,910,1.0499999999999998,0.4,1.2499999999999998,3 cooling_stop + 8 tree,3,8,0,441
245000,980,0.0,2.45,1.225,49 tree,0,49,0,442
325000,950,0.35,1.75,1.225,1 cooling_stop + 35 tree,1,35,0,443
405000,920,0.7,1.05,1.225,2 cooling_stop + 21 tree,2,21,0,444
485000,890,1.0499999999999998,0.35000000000000003,1.2249999999999999,3 cooling_stop + 7 tree,3,7,0,445
240000,960,0.0,2.4000000000000004,1.2000000000000002,48 tree,0,48,0,446
320000,930,0.35,1.7000000000000002,1.2000000000000002,1 cooling_stop + 34 tree,1,34,0,447
400000,900,0.7,1.0,1.2,2 cooling_stop + 20 tree,2,20,0,448
480000,870,1.0499999999999998,0.30000000000000004,1.1999999999999997,3 cooling_stop + 6 tree,3,6,0,449
235000,940,0.0,2.35,1.175,47 tree,0,47,0,450
315000,910,0.35,1.6500000000000001,1.175,1 cooling_stop + 33 tree,1,33,0,451
395000,880,0.7,0.9500000000000001,1.175,2 cooling_stop + 19 tree,2,19,0,452
475000,850,1.0499999999999998,0.25,1.1749999999999998,3 cooling_stop + 5 tree,3,5,0,453
230000,920,0.0,2.3000000000000003,1.1500000000000001,46 tree,0,46,0,454
310000,890,0.35,1.6,1.15,1 cooling_stop + 32 tree,1,32,0,455
390000,860,0.7,0.9,1.15,2 cooling_stop + 18 tree,2,18,0,456
470000,830,1.0499999999999998,0.2,1.15,3 cooling_stop + 4 tree,3,4,0,457
225000,900,0.0,2.25,1.125,45 tree,0,45,0,458
305000,870,0.35,1.55,1.125,1 cooling_stop + 31 tree,1,31,0,459
385000,840,0.7,0.8500000000000001,1.125,2 cooling_stop + 17 tree,2,17,0,460
465000,810,1.0499999999999998,0.15000000000000002,1.1249999999999998,3 cooling_stop + 3 tree,3,3,0,461
220000,880,0.0,2.2,1.1,44 tree,0,44,0,462
300000,850,0.35,1.5,1.1,1 cooling_stop + 30 tree,1,30,0,463
380000,820,0.7,0.8,1.1,2 cooling_stop + 16 tree,2,16,0,464
460000,790,1.0499999999999998,0.1,1.0999999999999999,3 cooling_stop + 2 tree,3,2,0,465
295000,830,0.35,1.4500000000000002,1.0750000000000002,1 cooling_stop + 29 tree,1,29,0,466
215000,860,0.0,2.15,1.075,43 tree,0,43,0,467
375000,800,0.7,0.75,1.075,2 cooling_stop + 15 tree,2,15,0,468
455000,770,1.0499999999999998,0.05,1.0749999999999997,3 cooling_stop + 1 tree,3,1,0,469
210000,840,0.0,2.1,1.05,42 tree,0,42,0,470
290000,810,0.35,1.4000000000000001,1.05,1 cooling_stop + 28 tree,1,28,0,471
370000,780,0.7,0.7000000000000001,1.05,2 cooling_stop + 14 tree,2,14,0,472
450000,750,1.0499999999999998,0.0,1.0499999999999998,3 cooling_stop,3,0,0,473
205000,820,0.0,2.0500000000000003,1.0250000000000001,41 tree,0,41,0,474
285000,790,0.35,1.35,1.025,1 cooling_stop + 27 tree,1,27,0,475
365000,760,0.7,0.65,1.025,2 cooling_stop + 13 tree,2,13,0,476
200000,800,0.0,2.0,1.0,40 tree,0,40,0,477
280000,770,0.35,1.3,1.0,1 cooling_stop + 26 tree,1,26,0,478
360000,740,0.7,0.6000000000000001,1.0,2 cooling_stop + 12 tree,2,12,0,479
195000,780,0.0,1.9500000000000002,0.9750000000000001,39 tree,0,39,0,480
275000,750,0.35,1.25,0.975,1 cooling_stop + 25 tree,1,25,0,481
355000,720,0.7,0.55,0.975,2 cooling_stop + 11 tree,2,11,0,482
190000,760,0.0,1.9000000000000001,0.9500000000000001,38 tree,0,38,0,483
270000,730,0.35,1.2000000000000002,0.9500000000000001,1 cooling_stop + 24 tree,1,24,0,484
350000,700,0.7,0.5,0.95,2 cooling_stop + 10 tree,2,10,0,485
185000,740,0.0,1.85,0.925,37 tree,0,37,0,486
265000,710,0.35,1.1500000000000001,0.925,1 cooling_stop + 23 tree,1,23,0,487
345000,680,0.7,0.45,0.9249999999999999,2 cooling_stop + 9 tree,2,9,0,488
180000,720,0.0,1.8,0.9,36 tree,0,36,0,489
260000,690,0.35,1.1,0.9,1 cooling_stop + 22 tree,1,22,0,490
340000,660,0.7,0.4,0.8999999999999999,2 cooling_stop + 8 tree,2,8,0,491
175000,700,0.0,1.75,0.875,35 tree,0,35,0,492
255000,670,0.35,1.05,0.875,1 cooling_stop + 21 tree,1,21,0,493
335000,640,0.7,0.35000000000000003,0.875,2 cooling_stop + 7 tree,2,7,0,494
170000,680,0.0,1.7000000000000002,0.8500000000000001,34 tree,0,34,0,495
250000,650,0.35,1.0,0.85,1 cooling_stop + 20 tree,1,20,0,496
330000,620,0.7,0.30000000000000004,0.85,2 cooling_stop + 6 tree,2,6,0,497
165000,660,0.0,1.6500000000000001,0.8250000000000001,33 tree,0,33,0,498
245000,630,0.35,0.9500000000000001,0.825,1 cooling_stop + 19 tree,1,19,0,499
325000,600,0.7,0.25,0.825,2 cooling_stop + 5 tree,2,5,0,500
160000,640,0.0,1.6,0.8,32 tree,0,32,0,501
240000,610,0.35,0.9,0.8,1 cooling_stop + 18 tree,1,18,0,502
320000,580,0.7,0.2,0.7999999999999999,2 cooling_stop + 4 tree,2,4,0,503
155000,620,0.0,1.55,0.775,31 tree,0,31,0,504
235000,590,0.35,0.8500000000000001,0.775,1 cooling_stop + 17 tree,1,17,0,505
315000,560,0.7,0.15000000000000002,0.7749999999999999,2 cooling_stop + 3 tree,2,3,0,506
150000,600,0.0,1.5,0.75,30 tree,0,30,0,507
230000,570,0.35,0.8,0.75,1 cooling_stop + 16 tree,1,16,0,508
310000,540,0.7,0.1,0.75,2 cooling_stop + 2 tree,2,2,0,509
145000,580,0.0,1.4500000000000002,0.7250000000000001,29 tree,0,29,0,510
225000,550,0.35,0.75,0.725,1 cooling_stop + 15 tree,1,15,0,511
305000,520,0.7,0.05,0.725,2 cooling_stop + 1 tree,2,1,0,512
140000,560,0.0,1.4000000000000001,0.7000000000000001,28 tree,0,28,0,513
220000,530,0.35,0.7000000000000001,0.7,1 cooling_stop + 14 tree,1,14,0,514
300000,500,0.7,0.0,0.7,2 cooling_stop,2,0,0,515
135000,540,0.0,1.35,0.675,27 tree,0,27,0,516
215000,510,0.35,0.65,0.675,1 cooling_stop + 13 tree,1,13,0,517
130000,520,0.0,1.3,0.65,26 tree,0,26,0,518
210000,490,0.35,0.6000000000000001,0.65,1 cooling_stop + 12 tree,1,12,0,519
125000,500,0.0,1.25,0.625,25 tree,0,25,0,520
205000,470,0.35,0.55,0.625,1 cooling_stop + 11 tree,1,11,0,521
120000,480,0.0,1.2000000000000002,0.6000000000000001,24 tree,0,24,0,522
200000,450,0.35,0.5,0.6,1 cooling_stop + 10 tree,1,10,0,523
115000,460,0.0,1.1500000000000001,0.5750000000000001,23 tree,0,23,0,524
195000,430,0.35,0.45,0.575,1 cooling_stop + 9 tree,1,9,0,525
110000,440,0.0,1.1,0.55,22 tree,0,22,0,526
190000,410,0.35,0.4,0.55,1 cooling_stop + 8 tree,1,8,0,527
105000,420,0.0,1.05,0.525,21 tree,0,21,0,528
185000,390,0.35,0.35000000000000003,0.525,1 cooling_stop + 7 tree,1,7,0,529
100000,400,0.0,1.0,0.5,20 tree,0,20,0,530
180000,370,0.35,0.30000000000000004,0.5,1 cooling_stop + 6 tree,1,6,0,531
95000,380,0.0,0.9500000000000001,0.47500000000000003,19 tree,0,19,0,532
175000,350,0.35,0.25,0.475,1 cooling_stop + 5 tree,1,5,0,533
90000,360,0.0,0.9,0.45,18 tree,0,18,0,534
170000,330,0.35,0.2,0.44999999999999996,1 cooling_stop + 4 tree,1,4,0,535
85000,340,0.0,0.8500000000000001,0.42500000000000004,17 tree,0,17,0,536
165000,310,0.35,0.15000000000000002,0.425,1 cooling_stop + 3 tree,1,3,0,537
80000,320,0.0,0.8,0.4,16 tree,0,16,0,538
160000,290,0.35,0.1,0.39999999999999997,1 cooling_stop + 2 tree,1,2,0,539
75000,300,0.0,0.75,0.375,15 tree,0,15,0,540
155000,270,0.35,0.05,0.375,1 cooling_stop + 1 tree,1,1,0,541
70000,280,0.0,0.7000000000000001,0.35000000000000003,14 tree,0,14,0,542
150000,250,0.35,0.0,0.35,1 cooling_stop,1,0,0,543
65000,260,0.0,0.65,0.325,13 tree,0,13,0,544
60000,240,0.0,0.6000000000000001,0.30000000000000004,12 tree,0,12,0,545
55000,220,0.0,0.55,0.275,11 tree,0,11,0,546
50000,200,0.0,0.5,0.25,10 tree,0,10,0,547
45000,180,0.0,0.45,0.225,9 tree,0,9,0,548
40000,160,0.0,0.4,0.2,8 tree,0,8,0,549
35000,140,0.0,0.35000000000000003,0.17500000000000002,7 tree,0,7,0,550
30000,120,0.0,0.30000000000000004,0.15000000000000002,6 tree,0,6,0,551
25000,100,0.0,0.25,0.125,5 tree,0,5,0,552
20000,80,0.0,0.2,0.1,4 tree,0,4,0,553
15000,60,0.0,0.15000000000000002,0.07500000000000001,3 tree,0,3,0,554
10000,40,0.0,0.1,0.05,2 tree,0,2,0,555
5000,20,0.0,0.05,0.025,1 tree,0,1,0,556
