stop_id,name,stop_type,nearby_road_segments,mean_shade,mean_pollution,worker_risk,heat_risk,pollution_risk,accessibility,latitude,longitude,worker_risk_norm,heat_risk_norm,pollution_risk_norm,accessibility_norm,priority_score,rank
360524175,,park,10,0.0,0.4,1.024,1.0,0.4,1.0,2660245.387691071,8619166.38202175,1.0,1.0,1.0,1.0,1.0000000000000002,1
445339401,Ankur Middle School,school,110,0.006962415780256518,0.19999999999999996,0.9606642016399665,0.9930375842197435,0.19999999999999996,1.0,2659445.674376115,8619467.45359586,0.8896727646709582,0.9877467819805915,0.0,1.0,0.6730332657264283,2
7288631364,Batra Hospital,hospital,500,0.2689586166858511,0.366,0.7695576588158755,0.7310413833141489,0.366,1.0,2660310.8810340515,8619992.019382948,0.5567764079657149,0.5266573165889199,0.83,1.0,0.6710182082287109,3
7016405057,"Shivam Hospital, Bhopal",hospital,180,0.22727970420516508,0.33333333333333337,0.7981754691732998,0.7727202957948349,0.33333333333333337,1.0,2660500.3511680113,8620695.246870188,0.6066269503076237,0.6000084087322389,0.6666666666666669,1.0,0.6613287535544203,4
360551290,,park,330,0.21210996875459837,0.296969696969697,0.8016162920696791,0.7878900312454016,0.296969696969697,1.0,2660470.6817423035,8619870.118209759,0.6126206614037791,0.6267057623001834,0.48484848484848503,1.0,0.6186609826553747,5
7288631424,Himalaya Optical Bhopal,hospital,90,0.17628514504537304,0.26666666666666666,0.8255805180087105,0.8237148549546269,0.26666666666666666,1.0,2660217.9276043535,8619438.56113862,0.6543649334128647,0.6897541910741171,0.3333333333333334,1.0,0.6067746631122197,6
7013865527,Parul Hospital Pvt Ltd,hospital,190,0.22081728001781248,0.2631578947368421,0.7840562751837906,0.7791827199821875,0.2631578947368421,1.0,2659546.83253844,8619700.674011644,0.5820321448694413,0.6113816870598674,0.31578947368421056,1.0,0.5556959459030985,7
7288631402,Indira IVF Bhopal,hospital,80,0.14234024558256148,0.19999999999999998,0.8374703765198689,0.8576597544174385,0.19999999999999998,1.0,2659986.909209218,8620980.113447128,0.67507636757736,0.7494941242944525,1.3877787807814452e-16,1.0,0.5348129232332531,8
360551278,ISBT,bus_station,20,0.15858981710049166,0.20000000000000004,0.8226832664385526,0.8414101828995083,0.20000000000000004,1.0,2659767.437238499,8620934.308055492,0.6493180915941004,0.720896357540018,4.1633363423443355e-16,1.0,0.5182221613348273,9
7013166610,Prakash Eye Care and Laser Centre,hospital,350,0.2711446457718676,0.26857142857142857,0.7398012294904577,0.7288553542281324,0.26857142857142857,1.0,2659721.3451035246,8620093.308987621,0.5049424583551739,0.5228101043808117,0.34285714285714297,1.0,0.5129696762805024,10
7016451736,Sankalp Netralya Hospital,hospital,380,0.3607204707492906,0.28421052631578947,0.6627443716181455,0.6392795292507094,0.28421052631578947,1.0,2659891.159290749,8620190.156944612,0.3707139444289999,0.3651648060593276,0.4210526315789474,1.0,0.44652450078321526,11
7017074866,Swami Vivekanand Regional Spine Centre,hospital,130,0.3070416036674841,0.2461538461538461,0.7007459868164355,0.6929583963325159,0.2461538461538461,1.0,2661133.044861149,8619555.85848607,0.4369105228479289,0.45963472600484323,0.2307692307692307,1.0,0.44046676420229225,12
7016451742,"Lakecity Hospital, Bhopal",hospital,220,0.2408912508779357,0.2,0.7477889617010783,0.7591087491220643,0.2,1.0,2660112.400124061,8620643.015765106,0.518856618027354,0.5760533255790938,2.7755575615628904e-16,1.0,0.4341926538371085,13
7016451737,"Vatsalya Hospital, Bhopal",hospital,170,0.3496830757511799,0.24705882352941178,0.6622001657723086,0.65031692424882,0.24705882352941178,1.0,2660334.4314209116,8620583.560025072,0.3697659698557611,0.3845896165772074,0.23529411764705901,1.0,0.3983772758961529,14
7013804557,Citi Hospital,hospital,350,0.422959024156181,0.26285714285714284,0.600021573732161,0.5770409758438191,0.26285714285714284,1.0,2659915.423797678,8620146.374988884,0.2614545198690398,0.2556306173270464,0.31428571428571433,1.0,0.34882886519034084,15
7015548062,Navodaya Hospital And Research Centre,hospital,180,0.45340117263197394,0.25555555555555554,0.5702382662382369,0.546598827368026,0.25555555555555554,1.0,2659889.1483547143,8620227.816328347,0.20957375006993564,0.20205520700598179,0.2777777777777778,1.0,0.30607016614971316,16
7017098522,Miracles Children Hospital,hospital,180,0.4895728454490443,0.19999999999999996,0.5214887106413697,0.5104271545509558,0.19999999999999996,1.0,2660698.3037948473,8619950.129858563,0.12465489167095979,0.1383963553741785,0.0,1.0,0.18028952048386337,17
7016168371,New Bhopal Hospital and Research Foundation,hospital,270,0.5304053189629138,0.2,0.48433115974374835,0.46959468103708624,0.2,1.0,2659660.5816643345,8620184.96945634,0.05992862361590047,0.06653491876535604,2.7755575615628904e-16,1.0,0.1385996922293226,18
1303581389,Kasturba Park,park,170,0.568211205352615,0.19999999999999996,0.4499278031291203,0.43178879464738495,0.19999999999999996,1.0,2660103.7827742654,8620410.472205522,0.0,0.0,0.0,1.0,0.1,19
