edge_id,worker,shade,pollution,heat_dose,pollution_dose,risk
E01,rider,0.2,0.1,0.48,0.06,0.354
E01,vendor,0.2,0.1,0.7200000000000001,0.06,0.522
E01,child,0.2,0.1,0.8,0.08000000000000002,0.584
E02,rider,0.3,0.4,0.42,0.24,0.366
E02,vendor,0.3,0.4,0.63,0.24,0.5129999999999999
E02,child,0.3,0.4,0.7,0.32000000000000006,0.586
E03,rider,0.8,0.05,0.11999999999999997,0.03,0.09299999999999997
E03,vendor,0.8,0.05,0.17999999999999997,0.03,0.13499999999999998
E03,child,0.8,0.05,0.19999999999999996,0.04000000000000001,0.15199999999999997
E04,rider,0.85,0.05,0.09000000000000001,0.03,0.072
E04,vendor,0.85,0.05,0.13500000000000004,0.03,0.10350000000000001
E04,child,0.85,0.05,0.15000000000000002,0.04000000000000001,0.117
E05,rider,0.8,0.05,0.11999999999999997,0.03,0.09299999999999997
E05,vendor,0.8,0.05,0.17999999999999997,0.03,0.13499999999999998
E05,child,0.8,0.05,0.19999999999999996,0.04000000000000001,0.15199999999999997
E06,rider,0.2,0.45,0.48,0.27,0.417
E06,vendor,0.2,0.45,0.7200000000000001,0.27,0.585
E06,child,0.2,0.45,0.8,0.36000000000000004,0.6679999999999999
E01,rider,0.2,0.1,0.48,0.06,0.354
E01,vendor,0.2,0.1,0.7200000000000001,0.06,0.522
E01,child,0.2,0.1,0.8,0.08000000000000002,0.584
E02,rider,0.3,0.4,0.42,0.24,0.366
E02,vendor,0.3,0.4,0.63,0.24,0.5129999999999999
E02,child,0.3,0.4,0.7,0.32000000000000006,0.586
E03,rider,0.8,0.05,0.11999999999999997,0.03,0.09299999999999997
E03,vendor,0.8,0.05,0.17999999999999997,0.03,0.13499999999999998
E03,child,0.8,0.05,0.19999999999999996,0.04000000000000001,0.15199999999999997
E04,rider,0.85,0.05,0.09000000000000001,0.03,0.072
E04,vendor,0.85,0.05,0.13500000000000004,0.03,0.10350000000000001
E04,child,0.85,0.05,0.15000000000000002,0.04000000000000001,0.117
E05,rider,0.8,0.05,0.11999999999999997,0.03,0.09299999999999997
E05,vendor,0.8,0.05,0.17999999999999997,0.03,0.13499999999999998
E05,child,0.8,0.05,0.19999999999999996,0.04000000000000001,0.15199999999999997
E06,rider,0.2,0.45,0.48,0.27,0.417
E06,vendor,0.2,0.45,0.7200000000000001,0.27,0.585
E06,child,0.2,0.45,0.8,0.36000000000000004,0.6679999999999999
E01,rider,0.2,0.1,0.48,0.06,0.354
E01,vendor,0.2,0.1,0.7200000000000001,0.06,0.522
E01,child,0.2,0.1,0.8,0.08000000000000002,0.584
E02,rider,0.3,0.4,0.42,0.24,0.366
E02,vendor,0.3,0.4,0.63,0.24,0.5129999999999999
E02,child,0.3,0.4,0.7,0.32000000000000006,0.586
E03,rider,0.8,0.05,0.11999999999999997,0.03,0.09299999999999997
E03,vendor,0.8,0.05,0.17999999999999997,0.03,0.13499999999999998
E03,child,0.8,0.05,0.19999999999999996,0.04000000000000001,0.15199999999999997
E04,rider,0.85,0.05,0.09000000000000001,0.03,0.072
E04,vendor,0.85,0.05,0.13500000000000004,0.03,0.10350000000000001
E04,child,0.85,0.05,0.15000000000000002,0.04000000000000001,0.117
E05,rider,0.8,0.05,0.11999999999999997,0.03,0.09299999999999997
E05,vendor,0.8,0.05,0.17999999999999997,0.03,0.13499999999999998
E05,child,0.8,0.05,0.19999999999999996,0.04000000000000001,0.15199999999999997
E06,rider,0.2,0.45,0.48,0.27,0.417
E06,vendor,0.2,0.45,0.7200000000000001,0.27,0.585
E06,child,0.2,0.45,0.8,0.36000000000000004,0.6679999999999999
E01,rider,0.2,0.1,0.48,0.06,0.354
E01,vendor,0.2,0.1,0.7200000000000001,0.06,0.522
E01,child,0.2,0.1,0.8,0.08000000000000002,0.584
E02,rider,0.3,0.4,0.42,0.24,0.366
E02,vendor,0.3,0.4,0.63,0.24,0.5129999999999999
E02,child,0.3,0.4,0.7,0.32000000000000006,0.586
E03,rider,0.8,0.05,0.11999999999999997,0.03,0.09299999999999997
E03,vendor,0.8,0.05,0.17999999999999997,0.03,0.13499999999999998
E03,child,0.8,0.05,0.19999999999999996,0.04000000000000001,0.15199999999999997
E04,rider,0.85,0.05,0.09000000000000001,0.03,0.072
E04,vendor,0.85,0.05,0.13500000000000004,0.03,0.10350000000000001
E04,child,0.85,0.05,0.15000000000000002,0.04000000000000001,0.117
E05,rider,0.8,0.05,0.11999999999999997,0.03,0.09299999999999997
E05,vendor,0.8,0.05,0.17999999999999997,0.03,0.13499999999999998
E05,child,0.8,0.05,0.19999999999999996,0.04000000000000001,0.15199999999999997
E06,rider,0.2,0.45,0.48,0.27,0.417
E06,vendor,0.2,0.45,0.7200000000000001,0.27,0.585
E06,child,0.2,0.45,0.8,0.36000000000000004,0.6679999999999999
E01,rider,0.2,0.1,0.48,0.06,0.354
E01,vendor,0.2,0.1,0.7200000000000001,0.06,0.522
E01,child,0.2,0.1,0.8,0.08000000000000002,0.584
E02,rider,0.3,0.4,0.42,0.24,0.366
E02,vendor,0.3,0.4,0.63,0.24,0.5129999999999999
E02,child,0.3,0.4,0.7,0.32000000000000006,0.586
E03,rider,0.8,0.05,0.11999999999999997,0.03,0.09299999999999997
E03,vendor,0.8,0.05,0.17999999999999997,0.03,0.13499999999999998
E03,child,0.8,0.05,0.19999999999999996,0.04000000000000001,0.15199999999999997
E04,rider,0.85,0.05,0.09000000000000001,0.03,0.072
E04,vendor,0.85,0.05,0.13500000000000004,0.03,0.10350000000000001
E04,child,0.85,0.05,0.15000000000000002,0.04000000000000001,0.117
E05,rider,0.8,0.05,0.11999999999999997,0.03,0.09299999999999997
E05,vendor,0.8,0.05,0.17999999999999997,0.03,0.13499999999999998
E05,child,0.8,0.05,0.19999999999999996,0.04000000000000001,0.15199999999999997
E06,rider,0.2,0.45,0.48,0.27,0.417
E06,vendor,0.2,0.45,0.7200000000000001,0.27,0.585
E06,child,0.2,0.45,0.8,0.36000000000000004,0.6679999999999999
