edge_id,worker,shade,pollution,heat_dose,pollution_dose,risk,intervention_applied
E01,rider,0.45,0.1,0.33,0.06,0.24899999999999997,True
E01,vendor,0.45,0.1,0.49500000000000005,0.06,0.36450000000000005,True
E01,child,0.45,0.1,0.55,0.08000000000000002,0.40900000000000003,True
E02,rider,0.55,0.4,0.26999999999999996,0.24,0.26099999999999995,True
E02,vendor,0.55,0.4,0.40499999999999997,0.24,0.3555,True
E02,child,0.55,0.4,0.44999999999999996,0.32000000000000006,0.411,True
E03,rider,0.8,0.05,0.11999999999999997,0.03,0.09299999999999997,False
E03,vendor,0.8,0.05,0.17999999999999997,0.03,0.13499999999999998,False
E03,child,0.8,0.05,0.19999999999999996,0.04000000000000001,0.15199999999999997,False
E04,rider,0.85,0.05,0.09000000000000001,0.03,0.072,False
E04,vendor,0.85,0.05,0.13500000000000004,0.03,0.10350000000000001,False
E04,child,0.85,0.05,0.15000000000000002,0.04000000000000001,0.117,False
E05,rider,1.0,0.05,0.0,0.03,0.009,True
E05,vendor,1.0,0.05,0.0,0.03,0.009,True
E05,child,1.0,0.05,0.0,0.04000000000000001,0.012000000000000002,True
E06,rider,0.45,0.45,0.33,0.27,0.312,True
E06,vendor,0.45,0.45,0.49500000000000005,0.27,0.42750000000000005,True
E06,child,0.45,0.45,0.55,0.36000000000000004,0.493,True
E01,rider,0.45,0.1,0.33,0.06,0.24899999999999997,True
E01,vendor,0.45,0.1,0.49500000000000005,0.06,0.36450000000000005,True
E01,child,0.45,0.1,0.55,0.08000000000000002,0.40900000000000003,True
E02,rider,0.55,0.4,0.26999999999999996,0.24,0.26099999999999995,True
E02,vendor,0.55,0.4,0.40499999999999997,0.24,0.3555,True
E02,child,0.55,0.4,0.44999999999999996,0.32000000000000006,0.411,True
E03,rider,0.8,0.05,0.11999999999999997,0.03,0.09299999999999997,False
E03,vendor,0.8,0.05,0.17999999999999997,0.03,0.13499999999999998,False
E03,child,0.8,0.05,0.19999999999999996,0.04000000000000001,0.15199999999999997,False
E04,rider,0.85,0.05,0.09000000000000001,0.03,0.072,False
E04,vendor,0.85,0.05,0.13500000000000004,0.03,0.10350000000000001,False
E04,child,0.85,0.05,0.15000000000000002,0.04000000000000001,0.117,False
E05,rider,1.0,0.05,0.0,0.03,0.009,True
E05,vendor,1.0,0.05,0.0,0.03,0.009,True
E05,child,1.0,0.05,0.0,0.04000000000000001,0.012000000000000002,True
E06,rider,0.45,0.45,0.33,0.27,0.312,True
E06,vendor,0.45,0.45,0.49500000000000005,0.27,0.42750000000000005,True
E06,child,0.45,0.45,0.55,0.36000000000000004,0.493,True
E01,rider,0.45,0.1,0.33,0.06,0.24899999999999997,True
E01,vendor,0.45,0.1,0.49500000000000005,0.06,0.36450000000000005,True
E01,child,0.45,0.1,0.55,0.08000000000000002,0.40900000000000003,True
E02,rider,0.55,0.4,0.26999999999999996,0.24,0.26099999999999995,True
E02,vendor,0.55,0.4,0.40499999999999997,0.24,0.3555,True
E02,child,0.55,0.4,0.44999999999999996,0.32000000000000006,0.411,True
E03,rider,0.8,0.05,0.11999999999999997,0.03,0.09299999999999997,False
E03,vendor,0.8,0.05,0.17999999999999997,0.03,0.13499999999999998,False
E03,child,0.8,0.05,0.19999999999999996,0.04000000000000001,0.15199999999999997,False
E04,rider,0.85,0.05,0.09000000000000001,0.03,0.072,False
E04,vendor,0.85,0.05,0.13500000000000004,0.03,0.10350000000000001,False
E04,child,0.85,0.05,0.15000000000000002,0.04000000000000001,0.117,False
E05,rider,1.0,0.05,0.0,0.03,0.009,True
E05,vendor,1.0,0.05,0.0,0.03,0.009,True
E05,child,1.0,0.05,0.0,0.04000000000000001,0.012000000000000002,True
E06,rider,0.45,0.45,0.33,0.27,0.312,True
E06,vendor,0.45,0.45,0.49500000000000005,0.27,0.42750000000000005,True
E06,child,0.45,0.45,0.55,0.36000000000000004,0.493,True
E01,rider,0.45,0.1,0.33,0.06,0.24899999999999997,True
E01,vendor,0.45,0.1,0.49500000000000005,0.06,0.36450000000000005,True
E01,child,0.45,0.1,0.55,0.08000000000000002,0.40900000000000003,True
E02,rider,0.55,0.4,0.26999999999999996,0.24,0.26099999999999995,True
E02,vendor,0.55,0.4,0.40499999999999997,0.24,0.3555,True
E02,child,0.55,0.4,0.44999999999999996,0.32000000000000006,0.411,True
E03,rider,0.8,0.05,0.11999999999999997,0.03,0.09299999999999997,False
E03,vendor,0.8,0.05,0.17999999999999997,0.03,0.13499999999999998,False
E03,child,0.8,0.05,0.19999999999999996,0.04000000000000001,0.15199999999999997,False
E04,rider,0.85,0.05,0.09000000000000001,0.03,0.072,False
E04,vendor,0.85,0.05,0.13500000000000004,0.03,0.10350000000000001,False
E04,child,0.85,0.05,0.15000000000000002,0.04000000000000001,0.117,False
E05,rider,1.0,0.05,0.0,0.03,0.009,True
E05,vendor,1.0,0.05,0.0,0.03,0.009,True
E05,child,1.0,0.05,0.0,0.04000000000000001,0.012000000000000002,True
E06,rider,0.45,0.45,0.33,0.27,0.312,True
E06,vendor,0.45,0.45,0.49500000000000005,0.27,0.42750000000000005,True
E06,child,0.45,0.45,0.55,0.36000000000000004,0.493,True
E01,rider,0.45,0.1,0.33,0.06,0.24899999999999997,True
E01,vendor,0.45,0.1,0.49500000000000005,0.06,0.36450000000000005,True
E01,child,0.45,0.1,0.55,0.08000000000000002,0.40900000000000003,True
E02,rider,0.55,0.4,0.26999999999999996,0.24,0.26099999999999995,True
E02,vendor,0.55,0.4,0.40499999999999997,0.24,0.3555,True
E02,child,0.55,0.4,0.44999999999999996,0.32000000000000006,0.411,True
E03,rider,0.8,0.05,0.11999999999999997,0.03,0.09299999999999997,False
E03,vendor,0.8,0.05,0.17999999999999997,0.03,0.13499999999999998,False
E03,child,0.8,0.05,0.19999999999999996,0.04000000000000001,0.15199999999999997,False
E04,rider,0.85,0.05,0.09000000000000001,0.03,0.072,False
E04,vendor,0.85,0.05,0.13500000000000004,0.03,0.10350000000000001,False
E04,child,0.85,0.05,0.15000000000000002,0.04000000000000001,0.117,False
E05,rider,1.0,0.05,0.0,0.03,0.009,True
E05,vendor,1.0,0.05,0.0,0.03,0.009,True
E05,child,1.0,0.05,0.0,0.04000000000000001,0.012000000000000002,True
E06,rider,0.45,0.45,0.33,0.27,0.312,True
E06,vendor,0.45,0.45,0.49500000000000005,0.27,0.42750000000000005,True
E06,child,0.45,0.45,0.55,0.36000000000000004,0.493,True
