intervention,stop_id,cost,time_to_benefit_years,nearby_segments,baseline_risk,future_risk,risk_reduction,risk_reduction_percent,heat_reduction,pollution_reduction
cooling_stop,360524175,100000.0,0.0,10,0.82,0.6449999999999998,0.17500000000000016,21.341463414634166,0.25,0.0
cooling_stop,445339401,100000.0,0.0,110,0.7551263089538206,0.5813447317153654,0.17378157723845522,23.013577354922056,0.25,0.0
cooling_stop,7288631364,100000.0,0.0,500,0.6215289683199041,0.4935967262399282,0.12793224207997594,20.583472147050202,0.25,0.0
trees,360524175,50000.0,5.0,10,0.82,0.563,0.257,31.341463414634145,0.35,0.1
trees,445339401,50000.0,5.0,110,0.7551263089538206,0.5058321008199834,0.24929420813383718,33.01357735492204,0.35,0.1
trees,7288631364,50000.0,5.0,500,0.6215289683199041,0.43144382940793774,0.19008513891196638,30.583472147050205,0.35,0.1
green_corridor,360524175,500000.0,2.0,10,0.82,0.5039999999999999,0.31600000000000006,38.53658536585367,0.4,0.3
green_corridor,445339401,500000.0,2.0,110,0.7551263089538206,0.45907578537229227,0.29605052358152834,39.205430941968835,0.4,0.3
green_corridor,7288631364,500000.0,2.0,500,0.6215289683199041,0.38389738099194254,0.23763158732796158,38.23338885882008,0.4,0.3
