hour,worker_type,shortest_distance_m,shortest_travel_time_min,shortest_heat_dose,shortest_pollution_dose,shortest_risk,cool_distance_m,cool_travel_time_min,cool_heat_dose,cool_pollution_dose,cool_risk,risk_reduction,risk_reduction_percent
9am,rider,3149,7.6,1858,678,2.537,3229,7.8,1784,680,2.464,0.073,2.9
9am,vendor,3149,94.5,2323,485,2.807,3393,101.8,2052,537,2.588,0.219,7.8
9am,child,3149,47.2,2787,969,3.756,3393,50.9,2462,1073,3.535,0.221,5.9
11am,rider,3149,7.6,2341,678,3.019,3163,7.6,2218,680,2.898,0.121,4.0
11am,vendor,3149,94.5,2926,485,3.41,3261,97.8,2545,648,3.193,0.217,6.4
11am,child,3149,47.2,3511,969,4.48,3309,49.6,3112,1101,4.213,0.267,6.0
1pm,rider,3149,7.6,2384,678,3.062,3317,8.0,1986,750,2.736,0.326,10.6
1pm,vendor,3149,94.5,2980,485,3.464,3252,97.6,2442,647,3.09,0.374,10.8
1pm,child,3149,47.2,3576,969,4.545,3367,50.5,2947,1068,4.015,0.53,11.7
3pm,rider,3149,7.6,2369,678,3.047,3359,8.1,1708,795,2.503,0.544,17.9
3pm,vendor,3149,94.5,2961,485,3.446,3359,100.8,2135,568,2.703,0.743,21.6
3pm,child,3149,47.2,3553,969,4.522,3409,51.1,2524,1132,3.656,0.866,19.2
5pm,rider,3149,7.6,2021,678,2.699,3236,7.8,1305,912,2.217,0.482,17.9
5pm,vendor,3149,94.5,2526,485,3.011,3236,97.1,1631,651,2.282,0.729,24.2
5pm,child,3149,47.2,3032,969,4.001,3236,48.5,1957,1303,3.26,0.741,18.5
